Rk,Column1,Tm,FantPos,Age,Games G,Games GS,Passing Cmp,Passing Att,Passing Yds,Passing TD,Passing Int,Rushing Att,Rushing Yds,Rushing Y/A,Rushing TD,Receiving Tgt,Receiving Rec,Receiving Yds,Receiving Y/R,Receiving TD,Fantasy FantPt,Fantasy PPR,Fantasy DKPt,Fantasy FDPt,Fantasy VBD,Fantasy PosRank,Fantasy OvRank
1,Todd Gurley,LAR,RB,23,12,12,0,0,0,0,0,223,939,4.21,8,66,48,563,11.73,3,212,,268.2,236.2,116,1,1
2,Antonio Brown,PIT,WR,29,12,12,0,0,0,0,0,0,0,,0,142,88,1296,14.73,9,188,,276.6,229.6,99,1,2
3,Alvin Kamara,NOR,RB,22,13,3,0,0,0,0,0,87,608,6.99,7,77,62,639,10.31,4,191,,259.7,221.7,94,2,3
4,Le'Veon Bell,PIT,RB,25,12,12,0,0,0,0,0,270,1057,3.91,5,82,66,502,7.61,1,188,,261.9,220.9,91,3,4
5,Russell Wilson,SEA,QB,29,12,12,276,442,3256,26,8,71,432,6.08,3,0,0,0,,0,285,,295.4,287.4,84,1,5
6,Mark Ingram,NOR,RB,28,13,10,0,0,0,0,0,192,971,5.06,9,58,46,298,6.48,0,175,,229.9,197.9,78,4,6
7,DeAndre Hopkins,HOU,WR,25,12,12,0,0,0,0,0,0,0,,0,139,77,1084,14.08,9,162,,242.4,200.9,74,2,7
8,Kareem Hunt,KAN,RB,22,12,12,0,0,0,0,0,193,930,4.82,4,47,39,367,9.41,2,164,,209.7,183.2,67,5,8
9,Melvin Gordon,LAC,RB,24,12,12,0,0,0,0,0,207,775,3.74,5,62,42,302,7.19,4,162,,209.7,182.7,65,6,9
10,Travis Kelce,KAN,TE,28,12,12,0,1,0,0,1,2,7,3.50,0,94,66,871,13.20,7,128,,197.8,161.8,63,1,10
11,Rob Gronkowski,NWE,TE,28,11,11,0,0,0,0,0,0,0,,0,85,55,849,15.44,7,127,,184.9,154.4,62,2,11
12,Carson Wentz,PHI,QB,25,12,12,242,399,3005,29,6,61,283,4.64,0,0,0,0,,0,257,,269.5,260.5,56,2,12
13,Leonard Fournette,JAX,RB,22,10,10,0,0,0,0,0,207,822,3.97,7,34,25,195,7.80,1,152,,180.7,162.2,55,7,13
14,Ezekiel Elliott,DAL,RB,22,8,8,0,0,0,0,0,191,783,4.10,7,26,19,210,11.05,2,151,,177.3,160.8,55,8,14
15,Alex Smith,KAN,QB,33,12,12,273,402,3239,23,4,48,305,6.35,1,0,0,0,,0,252,,259.1,252.1,51,3,15
16,Julio Jones,ATL,WR,28,13,13,0,0,0,0,0,1,15,15.00,0,118,73,1161,15.90,3,136,,211.6,172.1,47,3,16
17,LeSean McCoy,BUF,RB,29,12,12,0,0,0,0,0,207,851,4.11,4,62,48,304,6.33,1,144,,198.5,167.5,47,9,17
18,A.J. Green,CIN,WR,29,12,12,0,0,0,0,0,0,0,,0,107,60,886,14.77,8,135,,198.6,164.6,46,4,18
19,Keenan Allen,LAC,WR,25,12,12,0,0,0,0,0,2,9,4.50,0,121,77,1032,13.40,5,134,,214.1,172.6,46,5,19
20,Zach Ertz,PHI,TE,27,11,10,0,0,0,0,0,0,0,,0,85,57,663,11.63,7,108,,167.3,134.8,44,3,20
21,Marvin Jones,DET,WR,27,12,12,0,0,0,0,0,0,0,,0,88,48,821,17.10,8,132,,181.1,154.1,44,6,21
22,Tyreek Hill,KAN,WR,23,12,10,0,1,0,0,1,16,60,3.75,0,86,60,911,15.18,6,131,,201.1,168.1,43,7,22
23,Lamar Miller,HOU,RB,26,12,10,0,0,0,0,0,194,711,3.66,3,38,31,309,9.97,3,138,,175.0,153.5,41,10,23
24,Jimmy Graham,SEA,TE,31,12,10,0,0,0,0,0,0,0,,0,84,52,473,9.10,9,105,,158.3,129.3,41,4,24
25,Tom Brady,NWE,QB,40,12,12,300,438,3632,26,4,21,24,1.14,0,0,0,0,,0,240,,249.7,243.7,39,4,25
26,Robby Anderson,NYJ,WR,24,12,11,0,0,0,0,0,2,8,4.00,0,86,49,821,16.76,7,127,,176.9,149.4,38,8,26
27,Michael Thomas,NOR,WR,24,13,11,0,0,0,0,0,0,0,,0,125,85,992,11.67,4,123,,211.2,165.7,35,10,27
28,Brandin Cooks,NWE,WR,24,12,11,0,0,0,0,0,5,26,5.20,0,84,53,886,16.72,5,123,,179.2,149.7,35,9,28
29,Adam Thielen,MIN,WR,27,12,12,0,0,0,0,0,1,11,11.00,0,112,74,1056,14.27,3,121,,199.7,157.7,32,11,29
Rk,,Tm,FantPos,Age,G,GS,Cmp,Att,Yds,TD,Int,Att,Yds,Y/A,TD,Tgt,Rec,Yds,Y/R,TD,FantPt,PPR,DKPt,FDPt,VBD,PosRank,OvRank
30,Davante Adams,GNB,WR,25,12,12,0,0,0,0,0,0,0,,0,96,59,744,12.61,7,118,,178.4,145.9,30,12,30
31,Cam Newton,CAR,QB,28,12,12,228,377,2583,16,11,89,515,5.79,5,0,0,0,,0,231,,244.8,237.8,30,5,31
32,Larry Fitzgerald,ARI,WR,34,12,12,0,0,0,0,0,0,0,,0,116,82,878,10.71,5,118,,203.8,158.8,29,13,32
33,Tevin Coleman,ATL,RB,24,13,2,0,0,0,0,0,139,593,4.27,5,33,21,245,11.67,2,126,,152.8,136.3,29,11,33
34,Jordan Howard,CHI,RB,23,12,12,0,0,0,0,0,212,885,4.17,5,25,17,86,5.06,0,125,,146.1,133.6,29,12,34
35,Evan Engram,NYG,TE,23,12,10,0,0,0,0,0,0,0,,0,93,51,569,11.16,6,93,,146.9,118.4,28,5,35
36,Alshon Jeffery,PHI,WR,27,12,12,0,0,0,0,0,0,0,,0,95,47,680,14.47,7,116,,166.0,139.5,28,14,36
37,Carlos Hyde,SFO,RB,27,12,12,0,0,0,0,0,174,693,3.98,4,78,52,307,5.90,0,124,,182.0,150.0,27,13,37
38,Devonta Freeman,ATL,RB,25,11,11,0,0,0,0,0,152,680,4.47,6,26,20,144,7.20,0,118,,144.4,128.4,22,14,38
39,Kirk Cousins,WAS,QB,29,12,12,275,413,3289,21,8,39,151,3.87,3,0,0,0,,0,223,,241.7,230.7,22,6,39
40,Devin Funchess,CAR,WR,23,12,12,0,0,0,0,0,0,0,,0,90,54,703,13.02,6,108,,163.3,133.3,20,15,40
41,Cameron Brate,TAM,TE,26,12,5,0,0,0,0,0,0,0,,0,62,37,481,13.00,6,84,,124.1,102.6,19,6,41
42,Drew Brees,NOR,QB,38,13,13,317,442,3569,19,6,27,15,0.56,2,0,0,0,,0,220,,229.3,226.3,19,7,42
43,Kenny Stills,MIA,WR,25,12,12,0,0,0,0,0,0,0,,0,82,48,733,15.27,6,107,,159.3,131.3,19,16,43
44,Delanie Walker,TEN,TE,33,12,9,0,0,0,0,0,2,-2,-1.00,1,82,58,676,11.66,2,83,,145.4,112.4,19,7,44
45,Kyle Rudolph,MIN,TE,28,12,12,0,0,0,0,0,0,0,,0,70,50,465,9.30,6,83,,135.5,107.5,18,8,45
46,Christian McCaffrey,CAR,RB,21,12,6,0,0,0,0,0,82,284,3.46,2,90,64,501,7.83,4,113,,183.5,144.5,16,15,46
47,Chris Thompson,WAS,RB,27,10,1,0,0,0,0,0,64,294,4.59,2,54,39,510,13.08,4,112,,159.4,131.9,16,16,47
48,Doug Baldwin,SEA,WR,29,12,12,0,0,0,0,0,2,-8,-4.00,0,95,63,782,12.41,4,103,,169.4,134.9,15,17,48
49,Jarvis Landry,MIA,WR,25,12,12,0,1,0,0,0,1,-7,-7.00,0,123,80,699,8.74,6,103,,187.2,143.2,15,18,49
50,Nelson Agholor,PHI,WR,24,12,7,0,0,0,0,0,0,0,,0,65,40,599,14.98,7,102,,150.9,127.9,13,19,50
51,DeMarco Murray,TEN,RB,29,12,12,0,0,0,0,0,140,518,3.70,5,39,33,238,7.21,1,110,,149.6,126.1,13,17,51
52,T.Y. Hilton,IND,WR,28,12,12,0,0,0,0,0,0,0,,0,80,41,791,19.29,4,101,,146.1,121.6,13,20,52
53,Mike Evans,TAM,WR,24,11,11,0,0,0,0,0,0,0,,0,102,53,735,13.87,4,100,,153.5,124.0,11,21,53
54,Jermaine Kearse,NYJ,WR,27,12,11,0,0,0,0,0,0,0,,0,76,51,677,13.27,5,98,,151.7,123.2,9,22,54
55,Josh McCown,NYJ,QB,38,12,12,261,385,2880,18,8,35,117,3.34,5,0,0,0,,0,209,,223.9,214.9,8,8,55
56,Dak Prescott,DAL,QB,24,12,12,232,369,2420,18,9,39,275,7.05,5,0,0,0,,0,208,,220.3,211.3,7,9,56
57,Marshawn Lynch,OAK,RB,31,11,11,0,0,0,0,0,140,558,3.99,6,19,12,117,9.75,0,104,,121.5,109.5,7,18,57
58,Golden Tate,DET,WR,29,12,10,0,0,0,0,0,5,22,4.40,0,93,71,767,10.80,3,95,,169.9,130.4,6,23,58
59,Matthew Stafford,DET,QB,29,12,12,271,424,3302,22,7,25,90,3.60,0,0,0,0,,0,207,,220.1,210.1,6,10,59
Rk,,Tm,FantPos,Age,G,GS,Cmp,Att,Yds,TD,Int,Att,Yds,Y/A,TD,Tgt,Rec,Yds,Y/R,TD,FantPt,PPR,DKPt,FDPt,VBD,PosRank,OvRank
60,Mohamed Sanu,ATL,WR,28,12,12,1,1,51,1,0,2,7,3.50,0,74,54,578,10.70,5,95,,151.5,121.5,6,24,60
61,Stefon Diggs,MIN,WR,24,10,10,0,0,0,0,0,5,11,2.20,0,65,42,630,15.00,5,94,,139.1,115.1,6,25,61
62,Dez Bryant,DAL,WR,29,12,12,0,0,0,0,0,0,0,,0,109,58,639,11.02,5,94,,154.9,122.9,5,26,62
63,Robert Woods,LAR,WR,25,10,9,0,0,0,0,0,2,12,6.00,0,70,47,703,14.96,4,94,,144.5,117.0,5,27,63
64,Jared Goff,LAR,QB,23,12,12,244,392,3184,20,6,23,55,2.39,1,0,0,0,,0,205,,214.9,210.9,4,11,64
65,Joe Mixon,CIN,RB,21,12,5,0,0,0,0,0,157,518,3.30,4,30,27,266,9.85,0,100,,134.4,113.9,4,19,65
66,Hunter Henry,LAC,TE,23,12,11,0,0,0,0,0,0,0,,0,53,38,501,13.18,3,68,,109.1,87.1,3,9,66
67,Paul Richardson,SEA,WR,25,12,10,0,0,0,0,0,0,0,,0,60,37,592,16.00,5,91,,129.2,107.7,3,28,67
68,Jerick McKinnon,MIN,RB,25,12,0,0,0,0,0,0,115,414,3.60,3,54,41,289,7.05,2,98,,147.3,118.8,2,20,68
69,Frank Gore,IND,RB,34,12,12,0,0,0,0,0,174,632,3.63,3,28,20,169,8.45,0,98,,124.1,108.1,2,21,69
70,Alex Collins,BAL,RB,23,11,8,0,0,0,0,0,144,705,4.90,4,16,11,75,6.82,0,98,,114.0,103.5,1,22,70
71,Jack Doyle,IND,TE,27,11,11,0,0,0,0,0,0,0,,0,82,62,560,9.03,2,66,,131.0,95.0,1,10,71
72,Jason Witten,DAL,TE,35,12,12,0,0,0,0,0,0,0,,0,68,51,437,8.57,4,66,,120.7,91.2,1,11,72
73,Duke Johnson,CLE,RB,24,12,0,0,0,0,0,0,59,277,4.69,2,69,52,456,8.77,2,97,,155.3,123.3,1,23,73
74,Sammy Watkins,LAR,WR,24,12,11,0,0,0,0,0,0,0,,0,51,31,528,17.03,6,89,,122.8,104.3,,29,74
75,Philip Rivers,LAC,QB,36,12,12,272,431,3292,21,7,16,-7,-0.44,0,0,0,0,,0,201,,210.0,206.0,,12,75
76,Alex Armah,CAR,,23,8,0,0,0,0,0,0,0,0,,0,0,0,0,,0,,,,,,2,76
77,Tyler Kroft,CIN,TE,25,12,12,0,0,0,0,0,0,0,,0,44,33,347,10.52,5,65,,100.7,81.2,,12,77
78,Shane Smith,NYG,,24,7,3,0,0,0,0,0,0,0,,0,0,0,0,,0,,,,,,1,78
79,Ben Roethlisberger,PIT,QB,35,12,12,274,436,3238,22,13,23,33,1.43,0,0,0,0,,0,199,,213.8,209.8,,13,
80,Matt Ryan,ATL,QB,32,13,13,275,417,3278,17,11,24,93,3.88,0,0,0,0,,0,182,,197.4,191.4,,14,
81,Blake Bortles,JAX,QB,25,12,12,229,383,2553,14,8,44,284,6.45,2,0,0,0,,0,181,,197.5,188.5,,15,
82,Case Keenum,MIN,QB,29,11,10,243,360,2703,16,5,27,102,3.78,1,0,0,0,,0,178,,189.3,183.3,,16,
83,Deshaun Watson,HOU,QB,22,7,6,126,204,1699,19,8,36,269,7.47,2,0,0,0,,0,173,,183.9,176.9,,17,
84,Tyrod Taylor,BUF,QB,28,12,11,206,326,2090,12,4,69,334,4.84,3,0,0,0,,0,171,,183.0,175.0,,18,
85,Andy Dalton,CIN,QB,30,12,12,222,360,2606,20,8,33,102,3.09,0,0,0,0,,0,170,,188.4,178.4,,19,
86,Marcus Mariota,TEN,QB,24,11,11,208,329,2423,10,12,43,213,4.95,5,0,0,0,,0,164,,182.2,176.2,,20,
87,Derek Carr,OAK,QB,26,11,11,244,379,2731,17,8,14,15,1.07,0,0,0,0,,0,163,,174.7,170.7,,21,
88,Jacoby Brissett,IND,QB,24,12,11,217,359,2542,10,7,47,206,4.38,3,0,0,0,,0,162,,176.3,167.3,,22,
89,Eli Manning,NYG,QB,36,11,11,247,395,2411,14,7,8,25,3.13,1,0,0,0,,0,143,,152.9,145.9,,23,
Rk,,Tm,FantPos,Age,G,GS,Cmp,Att,Yds,TD,Int,Att,Yds,Y/A,TD,Tgt,Rec,Yds,Y/R,TD,FantPt,PPR,DKPt,FDPt,VBD,PosRank,OvRank
90,Jameis Winston,TAM,QB,23,9,9,180,291,2190,12,6,20,69,3.45,0,0,0,0,,0,127,,136.5,130.5,,24,
91,DeShone Kizer,CLE,QB,21,11,11,181,345,2038,6,15,59,308,5.22,5,0,0,0,,0,126,,152.3,141.3,,25,
92,Trevor Siemian,DEN,QB,26,9,8,182,309,2018,11,13,28,114,4.07,1,0,0,0,,0,116,,133.1,125.1,,26,
93,Joe Flacco,BAL,QB,32,12,12,252,387,2144,11,11,17,53,3.12,0,0,0,0,,0,115,,129.1,126.1,,27,
94,Jay Cutler,MIA,QB,34,10,10,193,302,1837,15,11,11,21,1.91,0,0,0,0,,0,114,,127.6,124.6,,28,
95,Aaron Rodgers,GNB,QB,34,7,6,128,193,1385,13,3,18,83,4.61,0,0,0,0,,0,112,,114.7,110.7,,29,
96,Carson Palmer,ARI,QB,38,7,7,164,267,1978,9,7,14,12,0.86,0,0,0,0,,0,104,,112.3,109.3,,30,
97,C.J. Anderson,DEN,RB,26,12,12,0,0,0,0,0,159,652,4.10,2,27,19,154,8.11,1,97,,122.6,106.1,,24,
98,Latavius Murray,MIN,RB,27,12,8,0,0,0,0,0,146,572,3.92,5,12,10,60,6.00,0,93,,106.2,98.2,,25,
99,Derrick Henry,TEN,RB,23,12,0,0,0,0,0,0,125,629,5.03,4,12,7,55,7.86,0,92,,102.4,95.9,,26,
100,Dion Lewis,NWE,RB,27,12,5,0,0,0,0,0,112,590,5.27,3,16,15,87,5.80,1,92,,115.7,105.2,,27,
101,Isaiah Crowell,CLE,RB,24,12,12,0,0,0,0,0,155,595,3.84,2,30,20,180,9.00,0,90,,116.5,99.5,,28,
102,C.J. Beathard,SFO,QB,24,7,5,123,224,1430,4,6,26,136,5.23,3,0,0,0,,0,89,,102.8,94.8,,31,
103,LeGarrette Blount,PHI,RB,31,12,8,0,0,0,0,0,145,684,4.72,2,4,4,25,6.25,1,89,,96.9,90.9,,29,
104,JuJu Smith-Schuster,PIT,WR,21,11,4,0,0,0,0,0,0,0,,0,56,37,585,15.81,5,89,,128.5,107.0,,30,
105,Michael Crabtree,OAK,WR,30,10,10,0,0,0,0,0,0,0,,0,66,42,502,11.95,6,88,,133.2,109.2,,31,
106,Ted Ginn,NOR,WR,32,13,8,0,0,0,0,0,7,23,3.29,0,59,46,678,14.74,3,88,,137.1,111.1,,32,
107,Demaryius Thomas,DEN,WR,30,12,12,0,0,0,0,0,0,0,,0,106,60,678,11.30,3,88,,147.8,113.8,,33,
108,Javorius Allen,BAL,RB,26,12,0,0,0,0,0,0,121,422,3.49,2,53,42,204,4.86,2,87,,134.6,107.6,,30,
109,Ameer Abdullah,DET,RB,24,11,11,0,0,0,0,0,150,505,3.37,3,27,20,133,6.65,1,86,,112.8,95.8,,31,
110,Marqise Lee,JAX,WR,26,12,12,0,1,0,0,0,1,17,17.00,0,90,51,637,12.49,3,85,,139.4,110.9,,34,
111,Orleans Darkwa,NYG,RB,25,11,8,0,0,0,0,0,126,551,4.37,3,21,16,92,5.75,0,84,,103.3,92.3,,32,
112,DeSean Jackson,TAM,WR,31,12,11,0,0,0,0,0,1,8,8.00,0,82,45,616,13.69,3,84,,128.4,102.9,,35,
113,Jay Ajayi,2TM,RB,24,11,7,0,0,0,0,0,167,694,4.16,1,27,19,95,5.00,0,83,,105.9,92.4,,33,
114,Cooper Kupp,LAR,WR,24,12,3,0,1,0,0,0,0,0,,0,78,51,665,13.04,3,83,,137.5,108.0,,36,
115,Brett Hundley,GNB,QB,24,8,6,126,206,1269,5,8,21,176,8.38,2,0,0,0,,0,82,,97.4,90.4,,32,
116,Bilal Powell,NYJ,RB,29,11,7,0,0,0,0,0,120,502,4.18,3,29,22,160,7.27,0,82,,111.2,93.2,,34,
117,Rex Burkhead,NWE,RB,27,8,2,0,0,0,0,0,55,244,4.44,3,30,24,204,8.50,3,81,,110.8,92.8,,35,
118,Amari Cooper,OAK,WR,23,11,11,0,0,0,0,0,1,4,4.00,0,85,42,499,11.88,5,80,,125.3,101.3,,38,
119,Ryan Fitzpatrick,TAM,QB,35,6,3,96,163,1103,7,3,15,78,5.20,0,0,0,0,,0,80,,79.9,76.9,,33,
Rk,,Tm,FantPos,Age,G,GS,Cmp,Att,Yds,TD,Int,Att,Yds,Y/A,TD,Tgt,Rec,Yds,Y/R,TD,FantPt,PPR,DKPt,FDPt,VBD,PosRank,OvRank
120,Rishard Matthews,TEN,WR,28,10,9,0,0,0,0,0,1,-3,-3.00,0,68,41,626,15.27,3,80,,124.3,100.8,,37,
121,Jordy Nelson,GNB,WR,32,12,12,0,0,0,0,0,0,0,,0,72,43,410,9.53,6,79,,123.0,98.5,,39,
122,Mitch Trubisky,CHI,QB,23,8,8,106,193,1237,5,4,29,194,6.69,0,0,0,0,,0,79,,89.9,80.9,,34,
123,Will Fuller,HOU,WR,23,6,6,0,0,0,0,0,2,9,4.50,0,33,17,326,19.18,7,78,,95.5,84.0,,40,
124,Tarik Cohen,CHI,WR,22,12,3,1,1,21,1,0,68,267,3.93,2,53,39,311,7.97,1,77,,129.6,102.1,,41,
125,Matt Forte,NYJ,RB,32,9,4,0,0,0,0,0,82,325,3.96,2,36,32,255,7.97,1,76,,114.0,92.0,,36,
126,Marquise Goodwin,SFO,WR,27,12,12,0,0,0,0,0,2,24,12.00,0,70,35,677,19.34,1,76,,114.1,93.6,,42,
127,Chris Hogan,NWE,WR,29,8,7,0,0,0,0,0,3,17,5.67,0,54,33,438,13.27,5,76,,111.5,92.0,,43,
128,Jonathan Stewart,CAR,RB,30,12,9,0,0,0,0,0,164,531,3.24,3,12,6,44,7.33,1,76,,87.5,78.5,,37,
129,Austin Ekeler,LAC,RB,22,12,0,0,0,0,0,0,41,198,4.83,2,31,26,273,10.50,3,75,,108.1,88.1,,38,
130,Jamaal Williams,GNB,RB,22,12,3,0,0,0,0,0,91,337,3.70,3,19,15,162,10.80,1,74,,94.9,81.4,,39,
131,Corey Clement,PHI,RB,23,12,0,0,0,0,0,0,61,266,4.36,4,8,7,88,12.57,2,73,,83.4,76.9,,40,
132,Theo Riddick,DET,RB,26,12,1,0,0,0,0,0,54,182,3.37,1,51,39,333,8.54,2,70,,114.5,89.0,,42,
133,James White,NWE,RB,25,12,3,0,0,0,0,0,43,171,3.98,0,65,51,410,8.04,2,70,,127.1,95.6,,41,
134,Travis Benjamin,LAC,WR,28,12,3,0,0,0,0,0,8,67,8.38,0,44,27,443,16.41,3,69,,105.0,88.5,,44,
135,Ty Montgomery,GNB,RB,24,8,5,0,0,0,0,0,71,273,3.85,3,31,23,173,7.52,1,69,,97.6,80.1,,44,
136,Samaje Perine,WAS,RB,22,12,4,0,0,0,0,0,125,465,3.72,1,15,13,125,9.62,1,69,,89.0,75.5,,43,
137,Adrian Peterson,2TM,RB,32,10,7,0,0,0,0,0,156,529,3.39,2,19,11,70,6.36,0,68,,83.9,73.4,,45,
138,Mike Wallace,BAL,WR,31,11,10,0,0,0,0,0,1,4,4.00,0,58,34,487,14.32,3,67,,104.1,84.1,,45,
139,Kelvin Benjamin,2TM,WR,26,10,10,0,0,0,0,0,0,0,,0,58,36,537,14.92,2,66,,104.7,83.7,,47,
140,Jamison Crowder,WAS,WR,24,11,5,0,0,0,0,0,6,35,5.83,0,79,51,628,12.31,1,66,,123.3,91.8,,46,
141,Ryan Grant,WAS,WR,27,12,4,0,0,0,0,0,0,0,,0,50,36,417,11.58,4,66,,104.7,83.7,,48,
142,Brian Hoyer,2TM,QB,32,9,6,122,208,1282,4,4,7,5,0.71,1,0,0,0,,0,66,,71.8,67.8,,35,
143,Josh Doctson,WAS,WR,25,12,10,0,0,0,0,0,0,0,,0,45,24,354,14.75,5,65,,92.4,77.4,,49,
144,Aaron Jones,GNB,RB,23,9,4,0,0,0,0,0,71,390,5.49,4,16,8,16,2.00,0,65,,75.6,68.6,,46,
145,Austin Hooper,ATL,TE,23,13,8,0,0,0,0,0,0,0,,0,56,41,461,11.24,3,64,,108.1,84.6,,13,
146,Danny Amendola,NWE,WR,32,11,4,0,0,0,0,0,0,0,,0,63,46,489,10.63,2,61,,109.9,83.9,,50,
147,Marlon Mack,IND,RB,21,10,0,0,0,0,0,0,69,276,4.00,2,24,15,157,10.47,1,61,,82.3,68.8,,47,
148,Randall Cobb,GNB,WR,27,11,11,0,0,0,0,0,7,19,2.71,0,57,43,463,10.77,2,60,,106.2,81.7,,52,
149,Sterling Shepard,NYG,WR,23,8,7,0,0,0,0,0,3,13,4.33,0,57,41,531,12.95,1,60,,104.4,80.9,,51,
Rk,,Tm,FantPos,Age,G,GS,Cmp,Att,Yds,TD,Int,Att,Yds,Y/A,TD,Tgt,Rec,Yds,Y/R,TD,FantPt,PPR,DKPt,FDPt,VBD,PosRank,OvRank
150,Jared Cook,OAK,TE,30,12,12,0,0,0,0,0,0,0,,0,70,43,546,12.70,1,59,,105.6,80.1,,14,
151,Kenyan Drake,MIA,RB,23,12,2,0,0,0,0,0,65,320,4.92,2,25,18,110,6.11,1,59,,85.0,68.0,,48,
152,Marcedes Lewis,JAX,TE,33,12,12,0,0,0,0,0,0,0,,0,40,19,265,13.95,5,59,,80.5,68.0,,15,
153,Emmanuel Sanders,DEN,WR,30,10,9,0,0,0,0,0,0,0,,0,79,39,471,12.08,2,59,,101.1,78.6,,53,
154,Jaron Brown,ARI,WR,27,12,5,0,0,0,0,0,0,0,,0,52,25,401,16.04,3,58,,86.1,70.6,,54,
155,Vernon Davis,WAS,TE,33,12,12,0,0,0,0,0,0,0,,0,51,35,542,15.49,1,58,,97.2,75.7,,16,
156,Mike Gillislee,NWE,RB,27,8,2,0,0,0,0,0,98,355,3.62,4,0,0,0,,0,58,,61.5,57.5,,50,
157,Doug Martin,TAM,RB,28,8,7,0,0,0,0,0,119,376,3.16,2,15,7,60,8.57,0,58,,67.6,61.1,,49,
158,O.J. Howard,TAM,TE,23,12,12,0,0,0,0,0,0,0,,0,32,21,348,16.57,4,57,,81.8,67.3,,18,
159,Allen Hurns,JAX,WR,26,9,8,0,0,0,0,0,0,0,,0,51,36,446,12.39,2,57,,95.6,74.6,,56,
160,Jeremy Maclin,BAL,WR,29,10,10,0,0,0,0,0,0,0,,0,60,36,391,10.86,3,57,,96.1,75.1,,55,
161,David Njoku,CLE,TE,21,12,2,0,0,0,0,0,1,1,1.00,0,49,28,332,11.86,4,57,,88.3,71.3,,17,
162,Giovani Bernard,CIN,RB,26,12,0,0,0,0,0,0,47,198,4.21,0,31,21,238,11.33,2,56,,82.6,66.1,,51,
163,Chris Ivory,JAX,RB,29,12,2,0,0,0,0,0,89,292,3.28,1,28,21,175,8.33,1,55,,83.7,65.2,,53,
164,Brandon LaFell,CIN,WR,31,12,11,0,0,0,0,0,0,0,,0,67,41,428,10.44,2,55,,98.8,75.3,,57,
165,JJ Nelson,ARI,WR,25,12,3,0,0,0,0,0,2,30,15.00,0,53,25,418,16.72,2,55,,83.8,67.3,,59,
166,Jalen Richard,OAK,RB,24,12,1,0,0,0,0,0,52,233,4.48,1,31,22,215,9.77,1,55,,83.8,65.8,,52,
167,Ben Watson,BAL,TE,37,12,10,0,0,0,0,0,0,0,,0,58,45,347,7.71,3,55,,100.7,75.2,,19,
168,Tyrell Williams,LAC,WR,25,12,11,0,0,0,0,0,0,0,,0,48,28,448,16.00,2,55,,86.8,68.8,,58,
169,Matt Breida,SFO,RB,22,12,0,0,0,0,0,0,65,276,4.25,1,33,19,140,7.37,1,54,,78.6,63.1,,55,
170,Martavis Bryant,PIT,WR,26,11,5,0,0,0,0,0,5,14,2.80,0,57,31,386,12.45,2,54,,88.0,69.5,,60,
171,Dalvin Cook,MIN,RB,22,4,4,0,0,0,0,0,74,354,4.78,2,16,11,90,8.18,0,54,,69.4,59.9,,54,
172,Julius Thomas,MIA,TE,29,12,11,0,0,0,0,0,0,0,,0,54,37,362,9.78,3,54,,94.2,72.7,,20,
173,Odell Beckham,NYG,WR,25,4,2,0,0,0,0,0,1,8,8.00,0,41,25,302,12.08,3,53,,77.0,61.5,,62,
174,Brandon Coleman,NOR,WR,25,13,5,0,0,0,0,0,0,0,,0,31,20,348,17.40,3,53,,75.8,62.8,,64,
175,Tyler Lockett,SEA,WR,25,12,7,0,0,0,0,0,8,46,5.75,0,57,35,425,12.14,1,53,,91.1,70.6,,61,
176,J.D. McKissic,SEA,RB,24,9,1,0,0,0,0,0,33,143,4.33,1,34,23,188,8.17,2,53,,80.1,62.6,,56,
177,Cordarrelle Patterson,OAK,WR,26,12,2,0,0,0,0,0,12,125,10.42,2,31,25,283,11.32,0,53,,83.8,65.3,,63,
178,Terrance Williams,DAL,WR,28,12,12,0,0,0,0,0,1,6,6.00,0,59,41,476,11.61,0,52,,92.2,68.7,,65,
179,D'Onta Foreman,HOU,RB,21,10,1,0,0,0,0,0,78,327,4.19,2,8,6,83,13.83,0,51,,61.0,54.0,,57,
Rk,,Tm,FantPos,Age,G,GS,Cmp,Att,Yds,TD,Int,Att,Yds,Y/A,TD,Tgt,Rec,Yds,Y/R,TD,FantPt,PPR,DKPt,FDPt,VBD,PosRank,OvRank
180,Donte Moncrief,IND,WR,24,12,8,0,0,0,0,0,0,0,,0,47,26,391,15.04,2,51,,80.1,64.1,,66,
181,Alfred Morris,DAL,RB,29,10,3,0,0,0,0,0,78,423,5.42,1,4,2,22,11.00,0,51,,55.5,51.5,,58,
182,Deonte Thompson,2TM,WR,28,12,6,0,0,0,0,0,2,-5,-2.50,0,56,30,391,13.03,2,51,,83.6,65.6,,67,
183,Charles Clay,BUF,TE,28,9,9,0,0,0,0,0,0,0,,0,42,32,378,11.81,2,50,,84.8,65.8,,21,
184,Ed Dickson,CAR,TE,30,12,11,0,0,0,0,0,0,0,,0,44,28,415,14.82,1,50,,78.5,61.5,,22,
185,Pierre Garcon,SFO,WR,31,8,8,0,0,0,0,0,0,0,,0,67,40,500,12.50,0,50,,93.0,70.0,,68,
186,Bruce Ellington,HOU,WR,26,11,6,0,0,0,0,0,3,17,5.67,0,57,29,330,11.38,2,49,,78.7,61.2,,69,
187,Eric Ebron,DET,TE,24,12,9,0,0,0,0,0,0,0,,0,54,32,355,11.09,2,48,,82.5,63.5,,24,
188,Tom Savage,HOU,QB,27,7,6,119,211,1349,5,6,4,2,0.50,0,0,0,0,,0,48,,64.2,54.2,,36,
189,Austin Seferian-Jenkins,NYJ,TE,25,10,9,0,0,0,0,0,0,0,,0,60,43,322,7.49,3,48,,95.2,69.7,,23,
190,Cole Beasley,DAL,WR,28,12,4,0,0,0,0,0,0,0,,0,50,30,228,7.60,4,47,,79.8,61.8,,73,
191,Bennie Fowler,DEN,WR,26,12,2,0,0,0,0,0,0,0,,0,47,25,294,11.76,3,47,,75.4,59.9,,70,
192,Blaine Gabbert,ARI,QB,28,3,3,62,104,719,6,5,12,42,3.50,0,0,0,0,,0,47,,56.0,52.0,,37,
193,Elijah McGuire,NYJ,RB,23,12,1,0,0,0,0,0,79,300,3.80,1,16,11,113,10.27,0,47,,65.3,52.8,,59,
194,DeVante Parker,MIA,WR,24,9,8,0,0,0,0,0,0,0,,0,61,36,414,11.50,1,47,,86.4,65.4,,71,
195,DeAndre Washington,OAK,RB,24,11,0,0,0,0,0,0,48,141,2.94,2,34,28,169,6.04,1,47,,82.0,61.0,,60,
196,Albert Wilson,KAN,WR,25,9,4,0,0,0,0,0,3,6,2.00,0,34,23,284,12.35,3,47,,73.0,58.5,,72,
197,Andre Ellington,2TM,RB,28,9,1,0,0,0,0,0,17,49,2.88,1,56,38,353,9.29,0,46,,87.2,65.2,,61,
198,Kenny Golladay,DET,WR,24,7,1,0,0,0,0,0,0,0,,0,28,15,323,21.53,2,46,,62.3,51.8,,74,
199,Kendall Wright,CHI,WR,28,12,2,0,0,0,0,0,0,0,,0,53,33,370,11.21,1,45,,79.0,59.5,,75,
200,Taylor Gabriel,ATL,WR,26,13,4,0,0,0,0,0,6,34,5.67,0,44,30,342,11.40,1,44,,76.6,58.6,,76,
201,Jesse James,PIT,TE,23,12,10,0,0,0,0,0,0,0,,0,43,29,259,8.93,3,44,,75.9,58.4,,25,
202,Devontae Booker,DEN,RB,25,9,0,0,0,0,0,0,48,170,3.54,1,26,21,204,9.71,0,43,,70.4,53.9,,62,
203,Jamaal Charles,DEN,RB,31,12,0,0,0,0,0,0,69,296,4.29,1,25,20,117,5.85,0,43,,71.3,53.3,,63,
204,Torrey Smith,PHI,WR,28,12,10,0,0,0,0,0,1,-3,-3.00,0,45,27,308,11.41,2,43,,72.5,56.0,,77,
205,John Brown,ARI,WR,27,8,5,0,0,0,0,0,1,10,10.00,0,47,19,271,14.26,2,42,,62.1,49.6,,78,
206,Coby Fleener,NOR,WR,29,11,0,0,0,0,0,0,0,0,,0,30,22,295,13.41,2,42,,66.5,52.5,,79,
207,Brice Butler,DAL,WR,27,12,0,0,0,0,0,0,0,0,,0,21,13,267,20.54,2,41,,54.7,45.2,,82,
208,Eric Decker,TEN,WR,30,12,6,0,1,0,0,0,0,0,,0,57,37,353,9.54,1,41,,81.3,59.8,,80,
209,Zay Jones,BUF,WR,22,11,10,0,0,0,0,0,0,0,,0,68,25,291,11.64,2,41,,69.1,53.6,,81,
Rk,,Tm,FantPos,Age,G,GS,Cmp,Att,Yds,TD,Int,Att,Yds,Y/A,TD,Tgt,Rec,Yds,Y/R,TD,FantPt,PPR,DKPt,FDPt,VBD,PosRank,OvRank
210,Matt Moore,MIA,QB,33,4,2,78,127,861,4,5,3,9,3.00,0,0,0,0,,0,41,,49.3,46.3,,38,
211,Damien Williams,MIA,RB,25,11,4,0,0,0,0,0,46,181,3.93,0,28,20,155,7.75,1,40,,65.6,49.6,,64,
212,Jermaine Gresham,ARI,TE,29,11,11,0,0,0,0,0,0,0,,0,40,27,267,9.89,2,39,,68.7,52.2,,26,
213,Adam Humphries,TAM,WR,24,12,2,0,0,0,0,0,0,0,,0,61,43,410,9.53,0,39,,86.0,60.5,,84,
214,Robert Kelley,WAS,RB,25,7,7,0,0,0,0,0,62,194,3.13,3,7,4,18,4.50,0,39,,46.2,41.2,,65,
215,Trent Taylor,SFO,WR,23,11,0,0,0,0,0,0,0,0,,0,46,32,331,10.34,1,39,,73.1,53.1,,83,
216,Stephen Anderson,HOU,TE,24,11,3,0,0,0,0,0,0,0,,0,40,22,322,14.64,1,38,,63.2,49.2,,27,
217,Peyton Barber,TAM,RB,23,12,1,0,0,0,0,0,53,190,3.58,2,9,8,72,9.00,0,38,,49.2,42.2,,66,
218,Keelan Cole,JAX,WR,24,12,4,0,0,0,0,0,0,0,,0,50,22,322,14.64,1,38,,63.2,49.2,,85,
219,Seth Devalve,CLE,TE,24,12,4,0,0,0,0,0,0,0,,0,46,26,335,12.88,1,38,,67.5,50.5,,28,
220,Wayne Gallman,NYG,RB,23,9,0,0,0,0,0,0,66,271,4.11,0,22,15,69,4.60,1,38,,57.0,45.5,,67,
221,Roger Lewis,NYG,WR,24,12,6,0,0,0,0,0,0,0,,0,40,21,256,12.19,2,38,,61.6,48.1,,86,
222,T.J. Yeldon,JAX,RB,24,6,0,0,0,0,0,0,31,199,6.42,1,24,18,137,7.61,0,38,,62.6,46.6,,68,
223,T.J. Jones,DET,WR,25,12,6,0,0,0,0,0,0,0,,0,43,24,347,14.46,0,37,,63.7,48.7,,87,
224,George Kittle,SFO,TE,24,11,7,0,0,0,0,0,0,0,,0,47,30,311,10.37,1,37,,70.1,52.1,,29,
225,Gerald Everett,LAR,TE,23,12,2,0,0,0,0,0,1,13,13.00,0,24,12,222,18.50,2,36,,50.5,41.5,,31,
226,Johnny Holton,OAK,WR,26,12,1,0,0,0,0,0,0,0,,0,13,7,200,28.57,3,36,,47.0,39.5,,88,
227,Zach Miller,CHI,TE,33,8,6,0,0,0,0,0,0,0,,0,35,20,236,11.80,2,36,,58.6,45.6,,30,
228,Jacquizz Rodgers,TAM,RB,27,12,4,0,0,0,0,0,63,242,3.84,1,9,7,54,7.71,0,36,,45.6,39.1,,69,
229,Kenny Britt,CLE,WR,29,9,4,0,0,0,0,0,0,0,,0,38,18,233,12.94,2,35,,56.3,44.3,,89,
230,Ricky Seals-Jones,ARI,TE,22,6,0,0,0,0,0,0,0,0,,0,17,9,170,18.89,3,35,,47.0,39.5,,32,
231,Charles Sims,TAM,RB,27,12,0,0,0,0,0,0,16,73,4.56,0,38,28,213,7.61,1,35,,64.6,46.6,,70,
232,Mike Glennon,CHI,QB,28,5,4,93,140,833,4,5,4,4,1.00,0,0,0,0,,0,34,,44.7,38.7,,41,
233,Kevin Hogan,CLE,QB,25,4,1,46,75,517,4,5,10,71,7.10,0,0,0,0,,0,34,,41.8,38.8,,40,
234,Brock Osweiler,DEN,QB,27,4,3,62,117,701,3,4,6,22,3.67,0,0,0,0,,0,34,,41.2,38.2,,39,
235,Charcandrick West,KAN,RB,26,10,0,0,0,0,0,0,10,41,4.10,1,27,24,122,5.08,2,34,,61.3,46.3,,71,
236,Chris Carson,SEA,RB,23,4,3,0,0,0,0,0,49,208,4.24,0,8,7,59,8.43,1,33,,42.7,36.2,,72,
237,Tyler Higbee,LAR,TE,24,12,12,0,0,0,0,0,0,0,,0,42,22,268,12.18,1,33,,57.8,43.8,,34,
238,Jordan Reed,WAS,TE,27,6,5,0,0,0,0,0,0,0,,0,35,27,211,7.81,2,33,,63.1,46.6,,33,
239,Seth Roberts,OAK,WR,26,11,7,0,0,0,0,0,0,0,,0,45,29,308,10.62,1,33,,66.8,47.3,,90,
Rk,,Tm,FantPos,Age,G,GS,Cmp,Att,Yds,TD,Int,Att,Yds,Y/A,TD,Tgt,Rec,Yds,Y/R,TD,FantPt,PPR,DKPt,FDPt,VBD,PosRank,OvRank
240,Rod Smith,DAL,RB,25,12,1,0,0,0,0,0,40,162,4.05,2,12,8,45,5.63,0,33,,43.7,36.7,,73,
241,A.J. Derby,DEN,TE,26,9,1,0,0,0,0,0,0,0,,0,31,19,224,11.79,2,32,,55.4,41.9,,35,
242,Darren Fells,DET,TE,31,12,9,0,0,0,0,0,0,0,,0,24,15,142,9.47,3,32,,50.2,39.7,,36,
243,Ricardo Louis,CLE,WR,23,12,9,0,0,0,0,0,0,0,,0,57,26,322,12.38,0,32,,61.2,45.2,,91,
244,Jordan Matthews,BUF,WR,25,10,7,0,0,0,0,0,0,0,,0,36,25,282,11.28,1,32,,61.2,44.7,,92,
245,Taywan Taylor,TEN,WR,22,12,3,0,0,0,0,0,6,30,5.00,0,26,16,231,14.44,1,32,,51.1,40.1,,93,
246,Wendell Smallwood,PHI,RB,23,7,3,0,0,0,0,0,43,168,3.91,1,15,10,79,7.90,0,31,,43.7,35.7,,74,
247,Shane Vereen,NYG,RB,28,12,0,0,1,0,0,1,31,112,3.61,0,42,36,214,5.94,0,31,,73.6,49.6,,75,
248,Garrett Celek,SFO,TE,29,12,10,0,0,0,0,0,0,0,,0,25,15,178,11.87,2,30,,47.8,37.3,,37,
249,Andre Holmes,BUF,WR,29,12,2,0,0,0,0,0,0,0,,0,22,13,120,9.23,3,30,,46.0,36.5,,95,
250,Terrelle Pryor,WAS,WR,28,9,2,0,0,0,0,0,0,0,,0,37,20,240,12.00,1,30,,53.0,40.0,,94,
251,Drew Stanton,ARI,QB,33,3,2,44,91,540,3,2,6,7,1.17,0,0,0,0,,0,30,,35.3,32.3,,42,
252,Mike Tolbert,BUF,RB,32,9,0,0,0,0,0,0,50,179,3.58,1,13,12,61,5.08,0,30,,45.0,36.0,,76,
253,Martellus Bennett,2TM,TE,30,9,7,0,0,0,0,0,0,0,,0,44,30,286,9.53,0,29,,61.6,43.6,,40,
254,Trey Burton,PHI,TE,26,11,1,0,0,0,0,0,0,0,,0,21,15,153,10.20,2,29,,47.3,36.8,,39,
255,Dontrelle Inman,2TM,WR,28,8,3,0,0,0,0,0,0,0,,0,28,17,225,13.24,1,29,,48.5,37.0,,97,
256,Nick O'Leary,BUF,TE,25,11,5,0,0,0,0,0,0,0,,0,26,18,254,14.11,1,29,,51.4,38.4,,38,
257,Luke Willson,SEA,TE,27,12,4,0,0,0,0,0,0,0,,0,16,11,106,9.64,3,29,,42.6,34.1,,41,
258,Jarius Wright,MIN,WR,28,12,0,0,0,0,0,0,0,0,,0,20,14,166,11.86,2,29,,45.6,35.6,,96,
259,Corey Grant,JAX,RB,26,12,0,0,0,0,0,0,20,179,8.95,1,4,3,41,13.67,0,28,,34.0,29.5,,79,
260,Chester Rogers,IND,WR,23,7,0,0,0,0,0,0,2,1,0.50,0,22,18,220,12.22,1,28,,49.1,37.1,,98,
261,Terrance West,BAL,RB,26,5,4,0,0,0,0,0,39,138,3.54,2,4,2,23,11.50,0,28,,32.1,27.1,,78,
262,Kerwynn Williams,ARI,RB,26,12,2,0,0,0,0,0,44,166,3.77,1,9,6,58,9.67,0,28,,37.4,31.4,,77,
263,Sam Bradford,MIN,QB,30,2,2,32,43,382,3,0,2,-3,-1.50,0,0,0,0,,0,27,,30.0,27.0,,43,
264,Corey Coleman,CLE,WR,23,6,6,0,0,0,0,0,0,0,,0,36,15,206,13.73,1,27,,44.6,34.1,,101,
265,Justin Hardy,ATL,WR,26,13,0,0,0,0,0,0,0,0,,0,21,15,146,9.73,2,27,,44.6,34.1,,102,
266,Aldrick Robinson,SFO,WR,29,12,1,0,0,0,0,0,0,0,,0,39,14,206,14.71,1,27,,43.6,33.6,,100,
267,Russell Shepard,CAR,WR,27,12,2,0,0,0,0,0,1,11,11.00,0,32,17,202,11.88,1,27,,47.3,35.8,,99,
268,Antonio Gates,LAC,TE,37,12,2,0,0,0,0,0,0,0,,0,34,19,179,9.42,1,26,,45.9,33.4,,42,
269,Mack Hollins,PHI,WR,24,12,0,0,0,0,0,0,0,0,,0,14,13,201,15.46,1,26,,42.1,32.6,,103,
Rk,,Tm,FantPos,Age,G,GS,Cmp,Att,Yds,TD,Int,Att,Yds,Y/A,TD,Tgt,Rec,Yds,Y/R,TD,FantPt,PPR,DKPt,FDPt,VBD,PosRank,OvRank
270,De'Anthony Thomas,KAN,WR,24,12,1,0,0,0,0,0,1,4,4.00,0,13,12,137,11.42,2,26,,41.1,32.1,,104,
271,Virgil Green,DEN,TE,29,12,12,0,0,0,0,0,0,0,,0,20,13,185,14.23,1,25,,40.5,31.0,,44,
272,Cody Latimer,DEN,WR,25,9,1,0,0,0,0,0,0,0,,0,24,14,190,13.57,1,25,,42.0,32.0,,105,
273,Jonnu Smith,TEN,TE,22,12,10,0,0,0,0,0,0,0,,0,24,13,127,9.77,2,25,,40.7,31.2,,43,
274,Tavon Austin,LAR,WR,26,12,7,0,0,0,0,0,44,196,4.45,1,17,10,42,4.20,0,24,,39.8,28.8,,106,
275,Josh Bellamy,CHI,WR,28,11,4,0,0,0,0,0,0,0,,0,26,13,175,13.46,1,24,,39.5,30.0,,108,
276,Malcolm Brown,LAR,RB,24,7,0,0,0,0,0,0,37,138,3.73,1,5,5,46,9.20,0,24,,32.4,26.9,,80,
277,Ryan Griffin,HOU,TE,27,7,6,0,0,0,0,0,0,0,,0,26,13,158,12.15,1,24,,39.8,30.3,,45,
278,Jeremy Kerley,NYJ,WR,29,8,2,0,0,0,0,0,0,0,,0,27,22,217,9.86,1,24,,50.7,34.7,,107,
279,Chris Godwin,TAM,WR,21,12,1,0,0,0,0,0,0,0,,0,29,18,230,12.78,0,23,,44.0,32.0,,110,
280,Tavarres King,NYG,WR,27,7,3,0,0,0,0,0,2,3,1.50,0,34,16,170,10.63,1,23,,42.3,31.3,,109,
281,Eddie Lacy,SEA,RB,26,9,3,0,0,0,0,0,69,179,2.59,0,6,6,47,7.83,0,23,,31.6,25.6,,81,
282,Alex Erickson,CIN,WR,25,12,0,0,0,0,0,0,5,16,3.20,0,13,10,160,16.00,1,22,,35.6,26.6,,113,
283,Rashard Higgins,CLE,WR,23,11,3,0,0,0,0,0,1,4,4.00,0,40,20,214,10.70,0,22,,44.8,31.8,,111,
284,Chris Moore,BAL,WR,24,9,2,0,0,0,0,0,2,-9,-4.50,0,27,12,165,13.75,1,22,,42.6,33.6,,112,
285,Corey Davis,TEN,WR,22,7,6,0,0,0,0,0,0,0,,0,43,22,227,10.32,0,21,,46.7,31.7,,115,
286,Lance Kendricks,GNB,TE,29,12,5,0,0,0,0,0,0,0,,0,19,11,151,13.73,1,21,,35.1,26.6,,46,
287,Braxton Miller,HOU,WR,25,9,2,0,0,0,0,0,1,1,1.00,0,23,16,148,9.25,1,21,,39.9,28.9,,114,
288,Adam Shaheen,CHI,TE,24,12,7,0,0,0,0,0,0,0,,0,9,8,83,10.38,2,20,,28.3,24.3,,47,
289,Benny Cunningham,CHI,RB,27,10,0,0,0,0,0,0,9,29,3.22,0,16,11,125,11.36,1,19,,34.4,24.9,,82,
290,Kyle Juszczyk,SFO,RB,26,10,7,0,0,0,0,0,7,31,4.43,0,25,19,140,7.37,1,19,,43.1,28.6,,83,
291,Nick Boyle,BAL,TE,24,11,9,0,0,0,0,0,0,0,,0,27,21,160,7.62,0,18,,42.0,28.5,,50,
292,Travaris Cadet,2TM,RB,28,6,0,0,0,0,0,0,14,70,5.00,0,17,15,105,7.00,0,18,,35.5,25.0,,85,
293,Chris Conley,KAN,WR,25,5,5,0,0,0,0,0,0,0,,0,16,11,175,15.91,0,18,,31.5,23.0,,119,
294,Tommylee Lewis,NOR,WR,25,12,0,0,0,0,0,0,1,8,8.00,0,14,10,116,11.60,1,18,,31.4,23.4,,116,
295,Thomas Rawls,SEA,RB,24,9,3,0,0,0,0,0,50,129,2.58,0,10,7,74,10.57,0,18,,29.3,21.8,,84,
296,Demarcus Robinson,KAN,WR,23,12,6,0,0,0,0,0,0,0,,0,29,17,181,10.65,0,18,,38.1,26.6,,117,
297,Curtis Samuel,CAR,WR,21,9,4,0,0,0,0,0,4,64,16.00,0,26,15,115,7.67,0,18,,35.9,25.4,,118,
298,Dion Sims,CHI,TE,26,10,10,0,0,0,0,0,0,0,,0,21,11,115,10.45,1,18,,31.5,23.0,,51,
299,Levine Toilolo,ATL,TE,26,13,10,0,0,0,0,0,0,0,,0,14,12,122,10.17,1,18,,33.2,24.2,,49,
Rk,,Tm,FantPos,Age,G,GS,Cmp,Att,Yds,TD,Int,Att,Yds,Y/A,TD,Tgt,Rec,Yds,Y/R,TD,FantPt,PPR,DKPt,FDPt,VBD,PosRank,OvRank
300,Nick Vannett,SEA,TE,24,12,2,0,0,0,0,0,0,0,,0,14,12,124,10.33,1,18,,33.4,24.4,,48,
301,Geronimo Allison,GNB,WR,23,11,0,0,0,0,0,0,0,0,,0,21,11,167,15.18,0,17,,30.7,22.2,,120,
302,Demetrius Harris,KAN,TE,26,12,6,0,0,0,0,0,0,0,,0,19,9,85,9.44,1,17,,23.5,19.0,,53,
303,Eric Tomlinson,NYJ,TE,25,10,9,0,0,0,0,0,0,0,,0,9,6,111,18.50,1,17,,26.1,20.1,,52,
304,Robert Turbin,IND,RB,28,6,1,0,0,0,0,0,23,53,2.30,1,11,9,56,6.22,0,17,,25.9,21.4,,86,
305,Mike Davis,2TM,RB,25,13,2,0,0,0,0,0,22,82,3.73,0,6,6,78,13.00,0,16,,22.0,19.0,,87,
306,Jimmy Garoppolo,SFO,QB,26,2,1,28,39,311,1,1,5,12,2.40,0,0,0,0,,0,16,,19.6,16.6,,44,
307,Chris Johnson,ARI,RB,32,4,3,0,0,0,0,0,45,114,2.53,0,6,5,43,8.60,0,16,,23.7,18.2,,88,
308,Laquon Treadwell,MIN,WR,22,12,5,0,0,0,0,0,0,0,,0,26,15,161,10.73,0,16,,34.1,23.6,,121,
309,Phillip Dorsett,NWE,WR,24,12,2,0,0,0,0,0,1,7,7.00,0,11,7,140,20.00,0,15,,24.7,18.2,,124,
310,Rhett Ellison,NYG,TE,29,12,10,0,0,0,0,0,0,0,,0,14,11,92,8.36,1,15,,26.2,20.7,,54,
311,Brandon Marshall,NYG,WR,33,5,5,0,0,0,0,0,0,0,,0,33,18,154,8.56,0,15,,36.4,24.4,,122,
312,Dede Westbrook,JAX,WR,24,3,1,0,0,0,0,0,0,0,,0,25,15,154,10.27,0,15,,33.4,22.9,,123,
313,Cameron Artis-Payne,CAR,RB,25,9,0,0,0,0,0,0,13,79,6.08,1,1,1,2,2.00,0,14,,15.1,14.6,,89,
314,Kenjon Barner,PHI,RB,28,9,1,0,0,0,0,0,13,38,2.92,1,7,4,42,10.50,0,14,,18.0,16.0,,90,
315,Tyler Boyd,CIN,WR,23,7,1,0,0,0,0,0,0,0,,0,15,11,80,7.27,1,14,,25.0,19.5,,126,
316,EJ Manuel,OAK,QB,27,2,1,24,43,265,1,1,2,15,7.50,0,0,0,0,,0,14,,15.1,15.1,,45,
317,Tre McBride,CHI,WR,25,8,3,0,0,0,0,0,0,0,,0,15,8,144,18.00,0,14,,25.4,18.4,,125,
318,Vance McDonald,PIT,TE,27,7,5,0,0,0,0,0,0,0,,0,11,5,79,15.80,1,14,,18.9,16.4,,56,
319,Louis Murphy,SFO,WR,30,3,3,0,0,0,0,0,0,0,,0,12,5,78,15.60,1,14,,18.8,16.3,,127,
320,Troy Niklas,ARI,TE,25,12,8,0,0,0,0,0,0,0,,0,14,7,84,12.00,1,14,,21.4,17.9,,55,
321,Jamize Olawale,OAK,RB,28,8,0,0,0,0,0,0,9,43,4.78,1,7,6,33,5.50,0,14,,19.6,16.6,,91,
322,Kamar Aiken,IND,WR,28,11,7,0,0,0,0,0,0,0,,0,40,14,131,9.36,0,13,,30.1,20.1,,129,
323,James Conner,PIT,RB,22,12,0,0,0,0,0,0,27,125,4.63,0,1,0,0,,0,13,,15.5,12.5,,94,
324,Anthony Fasano,MIA,TE,33,12,4,0,0,0,0,0,0,0,,0,10,8,74,9.25,1,13,,21.4,17.4,,57,
325,C.J. Fiedorowicz,HOU,TE,26,5,5,0,0,0,0,0,0,0,,0,22,14,127,9.07,0,13,,29.7,19.7,,60,
326,Jeff Heuerman,DEN,TE,25,10,4,0,0,0,0,0,0,0,,0,14,6,74,12.33,1,13,,19.4,16.4,,58,
327,Jeremy Hill,CIN,RB,25,7,7,0,0,0,0,0,37,116,3.14,0,4,4,16,4.00,0,13,,20.2,15.2,,92,
328,Josh Reynolds,LAR,WR,22,12,1,0,0,0,0,0,0,0,,0,15,7,71,10.14,1,13,,20.1,16.6,,128,
329,Logan Thomas,BUF,TE,26,9,2,0,0,0,0,0,0,0,,0,9,7,67,9.57,1,13,,19.7,16.2,,59,
Rk,,Tm,FantPos,Age,G,GS,Cmp,Att,Yds,TD,Int,Att,Yds,Y/A,TD,Tgt,Rec,Yds,Y/R,TD,FantPt,PPR,DKPt,FDPt,VBD,PosRank,OvRank
330,Danny Woodhead,BAL,RB,32,4,0,0,0,0,0,0,9,37,4.11,0,15,14,91,6.50,0,13,,26.8,19.8,,93,
331,Michael Campanaro,BAL,WR,26,9,0,0,0,0,0,0,4,33,8.25,0,17,12,91,7.58,0,12,,30.4,24.4,,130,
332,Marvin Hall,ATL,WR,24,6,0,0,0,0,0,0,0,0,,0,8,2,60,30.00,1,12,,14.0,13.0,,133,
333,C.J. Ham,MIN,RB,24,12,0,0,0,0,0,0,7,13,1.86,1,5,4,47,11.75,0,12,,16.0,14.0,,95,
334,Maurice Harris,WAS,WR,25,4,0,0,0,0,0,0,0,0,,0,6,4,62,15.50,1,12,,16.2,14.2,,132,
335,Ryan Mallett,BAL,QB,29,2,0,9,16,56,2,0,4,-3,-0.75,0,0,0,0,,0,12,,9.9,9.9,,46,
336,Josh Malone,CIN,WR,21,7,4,0,0,0,0,0,0,0,,0,12,6,63,10.50,1,12,,18.3,15.3,,131,
337,Brandon Tate,BUF,WR,30,9,1,0,0,0,0,0,0,0,,0,10,4,56,14.00,1,12,,15.6,13.6,,134,
338,Tommy Bohanon,JAX,RB,27,12,7,0,0,0,0,0,3,3,1.00,0,11,6,43,7.17,1,11,,16.6,13.6,,101,
339,Trey Edmunds,NOR,RB,23,13,0,0,0,0,0,0,9,48,5.33,1,0,0,0,,0,11,,10.8,10.8,,100,
340,Tion Green,DET,RB,24,1,0,0,0,0,0,0,11,51,4.64,1,0,0,0,,0,11,,11.1,11.1,,97,
341,Michael Hoomanawanui,NOR,TE,29,13,10,0,0,0,0,0,0,0,,0,10,6,52,8.67,1,11,,17.2,14.2,,62,
342,Paul Perkins,NYG,RB,23,8,4,0,0,0,0,0,35,73,2.09,0,9,7,35,5.00,0,11,,17.8,14.3,,99,
343,C.J. Prosise,SEA,RB,23,5,0,0,0,0,0,0,11,23,2.09,0,11,6,87,14.50,0,11,,17.0,14.0,,98,
344,Darren Sproles,PHI,RB,34,3,0,0,0,0,0,0,15,61,4.07,0,12,7,73,10.43,0,11,,19.4,14.9,,96,
345,Brandon Williams,IND,TE,30,12,8,0,0,0,0,0,0,0,,0,13,11,113,10.27,0,11,,25.3,16.8,,61,
346,Dwayne Allen,NWE,TE,27,12,7,0,0,0,0,0,0,0,,0,13,5,40,8.00,1,10,,15.0,12.5,,64,
347,Kendrick Bourne,SFO,WR,22,7,0,0,0,0,0,0,0,0,,0,16,7,103,14.71,0,10,,20.3,13.8,,135,
348,Brent Celek,PHI,TE,32,12,8,0,0,0,0,0,0,0,,0,15,8,100,12.50,0,10,,21.0,14.0,,63,
349,Josh Hill,NOR,TE,27,13,8,0,0,0,0,0,1,-8,-8.00,0,15,12,84,7.00,1,10,,23.6,15.6,,66,
350,James O'Shaughnessy,JAX,TE,25,12,0,0,0,0,0,0,0,0,,0,13,8,95,11.88,0,10,,17.5,13.5,,67,
351,Geno Smith,NYG,QB,27,2,1,21,36,212,1,0,4,12,3.00,0,0,0,0,,0,10,,11.7,9.7,,47,
352,Phillip Supernaw,TEN,TE,27,12,3,0,0,0,0,0,0,0,,0,5,4,39,9.75,1,10,,13.9,11.9,,65,
353,Fozzy Whittaker,CAR,RB,28,8,0,0,0,0,0,0,4,10,2.50,0,3,3,34,11.33,1,10,,13.4,11.9,,102,
354,Daniel Brown,CHI,WR,25,10,0,0,0,0,0,0,0,0,,0,13,8,88,11.00,0,9,,16.8,12.8,,136,
355,Josh Gordon,CLE,WR,26,1,1,0,0,0,0,0,0,0,,0,11,4,85,21.25,0,9,,12.5,10.5,,137,
356,James Hanna,DAL,TE,28,12,6,0,0,0,0,0,0,0,,0,5,1,28,28.00,1,9,,9.8,9.3,,69,
357,David Morgan,MIN,TE,24,12,6,0,0,0,0,0,0,0,,0,7,5,34,6.80,1,9,,14.4,11.9,,68,
358,Austin Traylor,DEN,TE,24,3,1,0,0,0,0,0,0,0,,0,11,7,86,12.29,0,9,,15.6,12.1,,70,
359,Zach Zenner,DET,RB,26,7,0,0,0,0,0,0,12,26,2.17,1,1,0,0,,0,9,,8.6,8.6,,103,
Rk,,Tm,FantPos,Age,G,GS,Cmp,Att,Yds,TD,Int,Att,Yds,Y/A,TD,Tgt,Rec,Yds,Y/R,TD,FantPt,PPR,DKPt,FDPt,VBD,PosRank,OvRank
360,Alfred Blue,HOU,RB,26,8,0,0,0,0,0,0,25,60,2.40,0,3,3,18,6.00,0,8,,10.8,9.3,,105,
361,Michael Floyd,MIN,WR,28,6,1,0,0,0,0,0,0,0,,0,10,8,75,9.38,0,8,,15.5,11.5,,141,
362,Xavier Grimble,PIT,WR,25,11,2,0,0,0,0,0,0,0,,0,5,3,22,7.33,1,8,,11.2,9.7,,140,
363,Branden Oliver,LAC,RB,26,5,0,0,0,0,0,0,20,61,3.05,0,8,5,20,4.00,0,8,,13.1,10.6,,104,
364,Richard Rodgers,GNB,TE,25,12,0,0,0,0,0,0,0,0,,0,14,8,83,10.38,0,8,,16.3,12.3,,71,
365,Luke Stocker,TAM,TE,29,9,3,0,0,0,0,0,0,0,,0,3,3,18,6.00,1,8,,10.8,9.3,,72,
366,Terron Ward,ATL,RB,25,11,0,0,0,0,0,0,22,89,4.05,0,2,2,8,4.00,0,8,,10.7,8.7,,106,
367,Kasen Williams,CLE,WR,25,7,2,0,0,0,0,0,0,0,,0,18,9,84,9.33,0,8,,17.4,12.9,,138,
368,Mike Williams,LAC,WR,23,6,0,0,0,0,0,0,0,0,,0,15,9,84,9.33,0,8,,17.4,12.9,,139,
369,Leonte Carroo,MIA,WR,23,11,0,0,0,0,0,0,0,0,,0,12,7,69,9.86,0,7,,13.9,10.4,,146,
370,D.J. Foster,ARI,RB,24,4,0,0,0,0,0,0,3,9,3.00,0,11,7,64,9.14,0,7,,14.3,10.8,,107,
371,Brittan Golden,ARI,WR,29,11,0,0,0,0,0,0,0,0,,0,9,5,70,14.00,0,7,,12.0,9.5,,145,
372,David Johnson,ARI,RB,26,1,1,0,0,0,0,0,11,23,2.09,0,9,6,67,11.17,0,7,,14.0,10.0,,109,
373,Tre Madden,SEA,RB,24,8,3,0,0,0,0,0,0,0,,0,2,2,65,32.50,0,7,,8.5,7.5,,111,
374,Byron Marshall,WAS,RB,23,3,0,0,0,0,0,0,9,32,3.56,0,8,6,36,6.00,0,7,,12.8,9.8,,110,
375,Tanner McEvoy,SEA,WR,24,12,0,0,1,0,0,1,0,0,,0,8,4,94,23.50,0,7,,12.4,10.4,,142,
376,Niles Paul,WAS,WR,28,10,5,0,0,0,0,0,2,4,2.00,0,13,10,68,6.80,0,7,,17.2,12.2,,143,
377,Elijhaa Penny,ARI,RB,24,12,0,0,0,0,0,0,3,5,1.67,1,1,1,6,6.00,0,7,,8.1,7.6,,108,
378,Eli Rogers,PIT,WR,25,10,2,0,0,0,0,0,0,0,,0,24,12,91,7.58,0,7,,20.1,13.1,,144,
379,Travis Rudolph,NYG,WR,22,5,0,0,0,0,0,0,0,0,,0,15,6,66,11.00,0,7,,12.6,9.6,,148,
380,Jeremy Sprinkle,WAS,WR,23,7,4,0,0,0,0,0,0,0,,0,2,1,7,7.00,1,7,,7.7,7.2,,147,
381,Bryce Treggs,CLE,WR,23,6,1,0,0,0,0,0,1,6,6.00,0,18,5,79,15.80,0,7,,12.5,9.0,,149,
382,Clive Walford,OAK,TE,26,12,0,0,0,0,0,0,0,0,,0,9,7,67,9.57,0,7,,13.7,10.2,,73,
383,Jerell Adams,NYG,WR,25,12,1,0,0,0,0,0,0,0,,0,4,4,61,15.25,0,6,,10.1,8.1,,153,
384,Derek Carrier,LAR,WR,27,10,3,0,0,0,0,0,0,0,,0,7,5,57,11.40,0,6,,10.7,8.2,,157,
385,Kaelin Clay,2TM,WR,25,9,1,0,0,0,0,0,2,29,14.50,0,10,3,46,15.33,0,6,,15.5,13.0,,159,
386,Sammie Coates,CLE,WR,24,8,1,0,0,0,0,0,0,0,,0,10,5,62,12.40,0,6,,11.2,8.7,,152,
387,Amara Darboh,SEA,WR,23,12,0,0,0,0,0,0,0,0,,0,11,6,58,9.67,0,6,,11.8,8.8,,156,
388,Jalston Fowler,TEN,RB,27,10,1,0,0,0,0,0,2,4,2.00,1,1,0,0,,0,6,,6.4,6.4,,112,
389,Chad Hansen,NYJ,WR,22,11,0,0,0,0,0,0,0,0,,0,8,5,58,11.60,0,6,,10.8,8.3,,155,
Rk,,Tm,FantPos,Age,G,GS,Cmp,Att,Yds,TD,Int,Att,Yds,Y/A,TD,Tgt,Rec,Yds,Y/R,TD,FantPt,PPR,DKPt,FDPt,VBD,PosRank,OvRank
390,Vince Mayle,BAL,WR,26,12,0,0,0,0,0,0,2,2,1.00,1,1,0,0,,0,6,,6.2,6.2,,151,
391,Brian Quick,WAS,WR,28,6,1,0,0,0,0,0,0,0,,0,4,4,60,15.00,0,6,,10.0,8.0,,154,
392,Lee Smith,OAK,WR,30,12,5,0,0,0,0,0,0,0,,0,7,5,57,11.40,0,6,,10.7,8.2,,158,
393,ArDarius Stewart,NYJ,WR,24,11,2,0,0,0,0,0,7,27,3.86,0,9,5,36,7.20,0,6,,11.3,8.8,,150,
394,Jordan Taylor,DEN,WR,25,6,2,0,0,0,0,0,0,0,,0,10,6,55,9.17,0,6,,11.5,8.5,,160,
395,C.J. Uzomah,CIN,TE,25,10,3,0,0,0,0,0,0,0,,0,7,4,60,15.00,0,6,,10.0,8.0,,75,
396,Dwayne Washington,DET,RB,23,5,0,0,0,0,0,0,20,44,2.20,0,2,2,14,7.00,0,6,,7.8,6.8,,113,
397,Maxx Williams,BAL,TE,23,7,5,0,0,0,0,0,1,2,2.00,0,14,13,80,6.15,0,6,,20.2,12.7,,74,
398,Tyler Eifert,CIN,TE,27,2,0,0,0,0,0,0,0,0,,0,5,4,46,11.50,0,5,,8.6,6.6,,76,
399,Tyler Ervin,HOU,RB,24,4,0,0,0,0,0,0,4,12,3.00,0,11,8,38,4.75,0,5,,13.0,9.0,,114,
400,Darrius Heyward-Bey,PIT,WR,30,12,0,0,0,0,0,0,1,3,3.00,0,2,1,44,44.00,0,5,,5.7,5.2,,162,
401,Ifeanyi Momah,ARI,TE,28,9,2,0,0,0,0,0,0,0,,0,2,1,46,46.00,0,5,,5.6,5.1,,77,
402,Breshad Perriman,BAL,WR,24,9,2,0,0,0,0,0,0,0,,0,29,7,54,7.71,0,5,,12.4,8.9,,161,
403,Aaron Ripkowski,GNB,RB,25,12,1,0,0,0,0,0,5,13,2.60,0,8,6,35,5.83,0,5,,10.8,7.8,,115,
404,Jared Abbrederis,DET,WR,27,7,0,0,0,0,0,0,0,0,,0,7,3,44,14.67,0,4,,7.4,5.9,,163,
405,Quan Bray,IND,WR,24,9,0,0,0,0,0,0,0,0,,0,4,3,39,13.00,0,4,,6.9,5.4,,166,
406,Mack Brown,WAS,RB,26,3,0,0,0,0,0,0,8,29,3.63,0,1,1,11,11.00,0,4,,5.0,4.5,,116,
407,Pharoh Cooper,LAR,WR,22,12,0,0,0,0,0,0,1,6,6.00,0,13,8,53,6.63,0,4,,18.9,13.9,,165,
408,Matthew Dayes,CLE,RB,23,12,0,0,0,0,0,0,4,9,2.25,0,5,4,29,7.25,0,4,,7.8,5.8,,117,
409,James Develin,NWE,TE,29,12,4,0,0,0,0,0,0,0,,0,7,5,36,7.20,0,4,,8.6,6.1,,83,
410,Tanner Gentry,CHI,WR,23,4,3,0,0,0,0,0,0,0,,0,6,3,35,11.67,0,4,,6.5,5.0,,168,
411,Jacob Hollister,NWE,TE,24,11,1,0,0,0,0,0,0,0,,0,7,3,37,12.33,0,4,,6.7,5.2,,82,
412,Greg Olsen,CAR,TE,32,3,3,0,0,0,0,0,0,0,,0,10,4,38,9.50,0,4,,7.8,5.8,,81,
413,Bernard Reedy,2TM,WR,26,10,0,0,0,0,0,0,3,17,5.67,0,2,2,21,10.50,0,4,,5.8,4.8,,167,
414,Michael Roberts,DET,TE,23,12,1,0,0,0,0,0,0,0,,0,4,2,38,19.00,0,4,,5.8,4.8,,80,
415,Willie Snead,NOR,WR,25,8,4,0,0,0,0,0,0,0,,0,10,6,63,10.50,0,4,,11.3,7.3,,164,
416,Lawrence Thomas,NYJ,RB,24,10,2,0,0,0,0,0,1,0,0.00,0,5,5,36,7.20,0,4,,8.6,6.1,,118,
417,Ross Travis,KAN,TE,24,11,3,0,0,0,0,0,0,0,,0,12,5,43,8.60,0,4,,9.3,6.8,,78,
418,Will Tye,NYJ,TE,26,3,1,0,0,0,0,0,0,0,,0,6,4,38,9.50,0,4,,7.8,5.8,,79,
419,Brenton Bersin,CAR,WR,27,4,0,0,0,0,0,0,0,0,,0,5,2,30,15.00,0,3,,5.0,4.0,,171,
Rk,,Tm,FantPos,Age,G,GS,Cmp,Att,Yds,TD,Int,Att,Yds,Y/A,TD,Tgt,Rec,Yds,Y/R,TD,FantPt,PPR,DKPt,FDPt,VBD,PosRank,OvRank
420,Noah Brown,DAL,WR,21,9,0,0,0,0,0,0,0,0,,0,3,3,25,8.33,0,3,,5.5,4.0,,176,
421,Derrick Coleman,ATL,RB,27,13,5,0,0,0,0,0,2,8,4.00,0,5,2,20,10.00,0,3,,4.8,3.8,,121,
422,Darrell Daniels,IND,TE,23,10,1,0,0,0,0,0,0,0,,0,12,3,26,8.67,0,3,,5.6,4.1,,85,
423,Trevor Davis,GNB,WR,24,12,0,0,0,0,0,0,2,13,6.50,0,2,2,14,7.00,0,3,,4.7,3.7,,173,
424,Lance Dunbar,LAR,RB,27,3,0,0,0,0,0,0,5,31,6.20,0,1,0,0,,0,3,,3.1,3.1,,119,
425,Akeem Hunt,KAN,RB,24,11,0,0,0,0,0,0,4,-2,-0.50,0,5,3,27,9.00,0,3,,5.5,4.0,,124,
426,Andy Janovich,DEN,RB,24,12,4,0,0,0,0,0,4,12,3.00,0,4,2,14,7.00,0,3,,4.6,3.6,,123,
427,Cody Kessler,CLE,QB,24,4,0,11,23,126,0,1,1,-1,-1.00,0,0,0,0,,0,3,,3.9,3.9,,49,
428,Ben Koyack,JAX,TE,24,12,3,0,0,0,0,0,0,0,,0,4,2,28,14.00,0,3,,4.8,3.8,,84,
429,Jordan Leslie,CLE,WR,26,2,0,0,0,0,0,0,0,0,,0,1,1,26,26.00,0,3,,3.6,3.1,,174,
430,Chris Matthews,BAL,WR,28,6,0,0,0,0,0,0,0,0,,0,6,3,25,8.33,0,3,,5.5,4.0,,175,
431,Nathan Peterman,BUF,QB,23,3,1,19,39,195,1,5,3,13,4.33,0,0,0,0,,0,3,,8.1,8.1,,48,
432,Anthony Sherman,KAN,RB,29,12,1,0,0,0,0,0,0,0,,0,4,3,26,8.67,0,3,,5.6,4.1,,122,
433,Geoff Swaim,DAL,TE,24,11,0,0,0,0,0,0,0,0,,0,2,2,25,12.50,0,3,,4.5,3.5,,86,
434,Chris Thompson,HOU,WR,,9,0,0,0,0,0,0,0,0,,0,3,2,30,15.00,0,3,,5.0,4.0,,172,
435,Derek Watt,LAC,RB,25,12,3,0,0,0,0,0,3,17,5.67,0,2,1,12,12.00,0,3,,3.9,3.4,,120,
436,Joe Webb,BUF,QB,31,12,0,0,1,0,0,0,3,27,9.00,0,0,0,0,,0,3,,2.7,2.7,,50,
437,Chad Williams,ARI,WR,23,4,1,0,0,0,0,0,1,0,0.00,0,7,3,31,10.33,0,3,,6.1,4.6,,169,
438,Nick Williams,ATL,WR,27,1,0,0,0,0,0,0,0,0,,0,4,3,30,10.00,0,3,,6.0,4.5,,170,
439,Michael Burton,CHI,RB,25,12,3,0,0,0,0,0,1,7,7.00,0,2,1,8,8.00,0,2,,2.5,2.0,,133,
440,Damiere Byrd,CAR,WR,24,5,0,0,0,0,0,0,1,12,12.00,0,6,1,12,12.00,0,2,,3.4,2.9,,177,
441,Matt Cassel,TEN,QB,35,3,1,25,42,162,1,2,0,0,,0,0,0,0,,0,2,,6.5,4.5,,51,
442,Alan Cross,TAM,TE,24,4,2,0,0,0,0,0,0,0,,0,3,3,24,8.00,0,2,,5.4,3.9,,88,
443,Patrick DiMarco,BUF,RB,28,12,5,0,0,0,0,0,2,-2,-1.00,0,6,4,26,6.50,0,2,,6.4,4.4,,125,
444,Josh Ferguson,IND,RB,24,6,0,0,0,0,0,0,1,5,5.00,0,3,3,16,5.33,0,2,,5.1,3.6,,127,
445,David Fluellen,TEN,RB,25,12,0,0,0,0,0,0,4,21,5.25,0,0,0,0,,0,2,,2.1,2.1,,128,
446,Ryan Hewitt,CIN,RB,26,9,4,0,0,0,0,0,0,0,,0,1,1,16,16.00,0,2,,2.6,2.1,,132,
447,Cole Hikutini,SFO,TE,23,4,0,0,0,0,0,0,0,0,,0,3,2,15,7.50,0,2,,3.5,2.5,,90,
448,Justin Hunter,PIT,WR,26,4,1,0,0,0,0,0,0,0,,0,9,3,18,6.00,0,2,,4.8,3.3,,180,
449,Marcus Johnson,PHI,WR,23,9,0,0,0,0,0,0,0,0,,0,5,2,22,11.00,0,2,,4.2,3.2,,179,
Rk,,Tm,FantPos,Age,G,GS,Cmp,Att,Yds,TD,Int,Att,Yds,Y/A,TD,Tgt,Rec,Yds,Y/R,TD,FantPt,PPR,DKPt,FDPt,VBD,PosRank,OvRank
450,Zach Line,NOR,RB,27,9,4,0,0,0,0,0,4,15,3.75,0,2,0,0,,0,2,,1.5,1.5,,134,
451,Sean McGrath,LAC,TE,30,11,4,0,0,0,0,0,0,0,,0,2,2,20,10.00,0,2,,4.0,3.0,,89,
452,Senorise Perry,MIA,RB,26,12,0,0,0,0,0,0,5,22,4.40,0,0,0,0,,0,2,,2.2,2.2,,126,
453,Jay Prosch,HOU,RB,25,12,4,0,0,0,0,0,0,0,,0,2,2,19,9.50,0,2,,3.9,2.9,,130,
454,Bobby Rainey,BAL,RB,30,4,0,0,0,0,0,0,1,2,2.00,0,7,5,18,3.60,0,2,,13.0,10.5,,129,
455,Allen Robinson,JAX,WR,24,1,1,0,0,0,0,0,0,0,,0,1,1,17,17.00,0,2,,2.7,2.2,,181,
456,Randall Telfer,CLE,TE,25,12,11,0,0,0,0,0,0,0,,0,2,2,24,12.00,0,2,,4.4,3.4,,87,
457,Dan Vitale,CLE,RB,24,12,4,0,0,0,0,0,0,0,,0,4,2,18,9.00,0,2,,3.8,2.8,,131,
458,Griff Whalen,BAL,WR,27,2,0,0,0,0,0,0,0,0,,0,6,4,23,5.75,0,2,,6.3,4.3,,178,
459,Antony Auclair,TAM,TE,24,4,1,0,0,0,0,0,0,0,,0,1,1,11,11.00,0,1,,2.1,1.6,,92,
460,Blake Bell,MIN,TE,26,12,2,0,0,0,0,0,0,0,,0,2,1,12,12.00,0,1,,2.2,1.7,,91,
461,Arrelious Benn,JAX,WR,29,9,0,0,0,0,0,0,0,0,,0,2,1,12,12.00,0,1,,2.2,1.7,,183,
462,Jehu Chesson,KAN,WR,24,8,0,0,0,0,0,0,0,0,,0,1,1,10,10.00,0,1,,2.0,1.5,,184,
463,Kellen Clemens,LAC,QB,34,4,0,5,5,33,0,0,3,-3,-1.00,0,0,0,0,,0,1,,1.0,1.0,,55,
464,Harry Douglas,TEN,WR,33,2,0,0,0,0,0,0,0,0,,0,3,1,8,8.00,0,1,,1.8,1.3,,186,
465,Matt Jones,IND,RB,24,3,0,0,0,0,0,0,5,14,2.80,0,0,0,0,,0,1,,1.4,1.4,,135,
466,Taiwan Jones,BUF,RB,29,8,0,0,0,0,0,0,0,0,,0,2,1,11,11.00,0,1,,2.1,1.6,,137,
467,Paxton Lynch,DEN,QB,23,1,1,9,14,41,0,1,2,17,8.50,0,0,0,0,,0,1,,2.3,2.3,,53,
468,Chris Manhertz,CAR,TE,25,12,4,0,0,0,0,0,0,0,,0,3,1,11,11.00,0,1,,2.1,1.6,,93,
469,Raheem Mostert,SFO,RB,25,11,0,0,0,0,0,0,6,30,5.00,0,0,0,0,,0,1,,2.0,1.0,,138,
470,Jake Rudock,DET,QB,24,3,0,3,5,24,0,1,0,0,,0,0,0,0,,0,1,,,,,56,
471,Cooper Rush,DAL,QB,24,2,0,1,3,2,0,0,2,13,6.50,0,0,0,0,,0,1,,1.4,1.4,,52,
472,Keith Smith,DAL,RB,25,12,2,0,0,0,0,0,0,0,,0,3,3,11,3.67,0,1,,4.1,2.6,,136,
473,Neal Sterling,NYJ,WR,29,7,0,0,0,0,0,0,0,0,,0,2,1,8,8.00,0,1,,1.8,1.3,,185,
474,Mike Thomas,LAR,WR,23,4,0,0,0,0,0,0,0,0,,0,1,1,12,12.00,0,1,,2.2,1.7,,182,
475,Scott Tolzien,IND,QB,30,1,1,9,18,128,0,2,2,2,1.00,0,0,0,0,,0,1,,3.3,3.3,,54,
476,Terrell Watson,PIT,RB,24,10,0,0,0,0,0,0,5,8,1.60,0,0,0,0,,0,1,,0.8,0.8,,139,
477,Eric Weems,TEN,WR,32,12,0,0,0,0,0,0,0,0,,0,2,1,5,5.00,0,1,,1.5,1.0,,188,
478,Kevin White,CHI,WR,25,1,1,0,0,0,0,0,0,0,,0,4,2,6,3.00,0,1,,2.6,1.6,,187,
479,Derek Anderson,CAR,QB,34,2,0,2,7,17,0,0,2,-2,-1.00,0,0,0,0,,0,,,0.5,0.5,,57,
Rk,,Tm,FantPos,Age,G,GS,Cmp,Att,Yds,TD,Int,Att,Yds,Y/A,TD,Tgt,Rec,Yds,Y/R,TD,FantPt,PPR,DKPt,FDPt,VBD,PosRank,OvRank
480,Joe Banyard,BUF,,29,3,0,0,0,0,0,0,0,0,,0,0,0,0,,0,,,,,,148,
481,Evan Baylis,HOU,,24,1,0,0,0,0,0,0,0,0,,0,0,0,0,,0,,,,,,100,
482,Brandon Bolden,NWE,RB,27,12,0,0,0,0,0,0,2,1,0.50,0,0,0,0,,0,,,0.1,0.1,,145,
483,Victor Bolden,SFO,,22,8,0,0,0,0,0,0,0,0,,0,0,0,0,,0,,,,,,198,
484,Ben Braunecker,CHI,,23,4,0,0,0,0,0,0,0,0,,0,0,0,0,,0,,,,,,101,
485,Cethan Carter,CIN,,24,12,0,0,0,0,0,0,0,0,,0,0,0,0,,0,,,,,,103,
486,Orson Charles,KAN,,26,1,0,0,0,0,0,0,0,0,,0,0,0,0,,0,,,,,,98,
487,Stacy Coley,MIN,,23,4,0,0,0,0,0,0,0,0,,0,0,0,0,,0,,,,,,194,
488,Cody Core,CIN,,23,11,0,0,0,0,0,0,0,0,,0,4,0,0,,0,,,,,,200,
489,Sean Culkin,LAC,,24,1,0,0,0,0,0,0,0,0,,0,0,0,0,,0,,,,,,106,
490,Jeff Cumberland,LAC,TE,30,3,2,0,0,0,0,0,0,0,,0,1,1,2,2.00,0,,,1.2,0.7,,95,
491,Chase Daniel,NOR,QB,31,1,0,0,0,0,0,0,3,-2,-0.67,0,0,0,0,,0,,,-0.2,-0.2,,63,
492,Austin Davis,SEA,QB,28,2,0,0,0,0,0,0,1,-1,-1.00,0,0,0,0,,0,,,-0.1,-0.1,,62,
493,Geremy Davis,LAC,,25,1,0,0,0,0,0,0,0,0,,0,0,0,0,,0,,,,,,197,
494,Justin Davis,LAR,RB,22,3,0,0,0,0,0,0,1,1,1.00,0,0,0,0,,0,,,0.1,0.1,,143,
495,Jim Dray,ARI,,31,1,0,0,0,0,0,0,0,0,,0,0,0,0,,0,,,,,,96,
496,Gavin Escobar,BAL,,26,2,0,0,0,0,0,0,0,0,,0,0,0,0,,0,,,,,,97,
497,David Fales,MIA,QB,27,1,0,0,1,0,0,0,0,0,,0,0,0,0,,0,,,,,,59,
498,Jakeem Grant,MIA,WR,25,12,0,0,0,0,0,0,1,2,2.00,0,6,3,15,5.00,0,,,3.7,1.2,,205,
499,MarQueis Gray,MIA,TE,28,12,0,0,1,0,0,0,1,3,3.00,0,2,0,0,,0,,,0.3,0.3,,94,
500,Justin Hardee,NOR,,23,11,0,0,0,0,0,0,0,0,,0,0,0,0,,0,,,,,,201,
501,Clark Harris,CIN,,33,12,0,0,0,0,0,0,0,0,,0,0,0,0,,0,,,,,,102,
502,Matt Hazel,IND,WR,25,3,0,0,0,0,0,0,0,0,,0,1,1,1,1.00,0,,,1.1,0.6,,193,
503,De'Angelo Henderson,DEN,RB,25,3,0,0,0,0,0,0,1,1,1.00,0,0,0,0,,0,,,0.1,0.1,,144,
504,Chad Henne,JAX,QB,32,1,0,0,2,0,0,0,3,-3,-1.00,0,0,0,0,,0,,,-0.3,-0.3,,65,
505,Darius Jackson,CLE,,24,1,0,0,0,0,0,0,0,0,,0,0,0,0,,0,,,,,,147,
506,Jeff Janis,GNB,,26,12,0,0,0,0,0,0,0,0,,0,0,0,0,,0,,,,,,199,
507,Andy Jones,HOU,,23,1,0,0,0,0,0,0,0,0,,0,0,0,0,,0,,,,,,195,
508,Landry Jones,PIT,QB,28,1,0,0,0,0,0,0,3,-3,-1.00,0,0,0,0,,0,,,-0.3,-0.3,,64,
509,Joe Kerridge,GNB,RB,25,3,0,0,0,0,0,0,0,0,,0,1,1,3,3.00,0,,,1.3,0.8,,140,
Rk,,Tm,FantPos,Age,G,GS,Cmp,Att,Yds,TD,Int,Att,Yds,Y/A,TD,Tgt,Rec,Yds,Y/R,TD,FantPt,PPR,DKPt,FDPt,VBD,PosRank,OvRank
510,John Kuhn,NOR,RB,35,2,1,0,0,0,0,0,1,2,2.00,0,0,0,0,,0,,,0.2,0.2,,141,
511,Matt LaCosse,NYG,,25,3,1,0,0,0,0,0,0,0,,0,1,0,0,,0,,,,,,104,
512,Daniel Lasco,NOR,,25,3,0,0,0,0,0,0,0,0,,0,0,0,0,,0,,,,,,151,
513,Khari Lee,BUF,,25,6,0,0,0,0,0,0,0,0,,0,0,0,0,,0,,,,,,108,
514,Terrence Magee,ATL,,24,2,0,0,0,0,0,0,0,0,,0,0,0,0,,0,,,,,,149,
515,Sean Mannion,LAR,QB,25,3,0,1,1,12,0,0,5,-9,-1.80,0,0,0,0,,0,,,-0.4,-0.4,,66,
516,Freddie Martino,TAM,,26,4,0,0,0,0,0,0,0,0,,0,1,0,0,,0,,,,,,196,
517,A.J. McCarron,CIN,,27,1,0,0,0,0,0,0,0,0,,0,0,0,0,,0,,,,,,61,
518,Max McCaffrey,JAX,WR,23,5,0,0,0,0,0,0,0,0,,0,1,1,4,4.00,0,,,1.4,0.9,,190,
519,Colt McCoy,WAS,,30,1,0,0,0,0,0,0,0,0,,0,0,0,0,,0,,,,,,58,
520,Darren McFadden,DAL,RB,30,1,0,0,0,0,0,0,1,-2,-2.00,0,0,0,0,,0,,,-0.2,-0.2,,153,
521,Jojo Natson,NYJ,WR,23,3,0,0,0,0,0,0,0,0,,0,1,1,-1,-1.00,0,,,0.9,0.4,,204,
522,Logan Paulsen,SFO,,30,10,0,0,0,0,0,0,0,0,,0,1,0,0,,0,,,,,,99,
523,Charone Peake,NYJ,WR,25,3,0,0,0,0,0,0,0,0,,0,1,1,3,3.00,0,,,1.3,0.8,,192,
524,Eric Saubert,ATL,,23,12,0,0,0,0,0,0,0,0,,0,0,0,0,,0,,,,,,105,
525,Matt Slater,NWE,,32,5,0,0,0,0,0,0,0,0,,0,0,0,0,,0,,,,,,203,
526,Nate Solder,NWE,,29,12,12,0,0,0,0,0,0,0,,0,0,0,0,,0,,,,,,107,
527,C.J. Spiller,KAN,RB,30,1,0,0,0,0,0,0,2,0,0.00,0,2,0,0,,0,,,,,,150,
528,Jaelen Strong,HOU,,23,1,0,0,0,0,0,0,0,0,,0,0,0,0,,0,,,,,,202,
529,Jordan Todman,HOU,,27,11,0,0,0,0,0,0,0,0,,0,0,0,0,,0,,,,,,146,
530,Fitzgerald Toussaint,PIT,,27,2,0,0,0,0,0,0,0,0,,0,0,0,0,,0,,,,,,152,
531,Brandon Weeden,TEN,,34,1,0,0,0,0,0,0,0,0,,0,0,0,0,,0,,,,,,60,
532,Markus Wheaton,CHI,WR,26,7,0,0,0,0,0,0,0,0,,0,12,1,4,4.00,0,,,1.4,0.9,,191,
533,Andre Williams,LAC,RB,25,7,0,0,0,0,0,0,2,2,1.00,0,0,0,0,,0,,,0.2,0.2,,142,
534,Jesus Wilson,TAM,WR,22,1,0,0,0,0,0,0,1,4,4.00,0,0,0,0,,0,,,0.4,0.4,,189,
535,Jaydon Mickens,JAX,WR,23,6,0,0,0,0,0,0,0,0,,0,2,1,11,11.00,0,-1,,7.1,5.6,,209,
536,Kalif Raymond,2TM,WR,23,5,0,0,0,0,0,0,1,-1,-1.00,0,1,1,12,12.00,0,-1,,1.1,-0.4,,210,
537,Andre Roberts,ATL,WR,29,13,0,0,0,0,0,0,0,0,,0,4,1,12,12.00,0,-1,,1.2,-0.3,,208,
538,John Ross,CIN,WR,23,3,1,0,0,0,0,0,1,12,12.00,0,2,0,0,,0,-1,,0.2,-0.8,,207,
539,Ryan Switzer,DAL,WR,23,12,0,0,0,0,0,0,4,5,1.25,0,2,2,9,4.50,0,-1,,8.4,6.4,,206,
Rk,,Tm,FantPos,Age,G,GS,Cmp,Att,Yds,TD,Int,Att,Yds,Y/A,TD,Tgt,Rec,Yds,Y/R,TD,FantPt,PPR,DKPt,FDPt,VBD,PosRank,OvRank
540,Nick Foles,PHI,QB,28,3,0,4,4,56,0,0,7,-6,-0.86,0,0,0,0,,0,-2,,-0.4,-2.4,,67,
541,Devante Mays,GNB,RB,23,5,0,0,0,0,0,0,3,-1,-0.33,0,0,0,0,,0,-2,,-1.1,-2.1,,154,
542,Isaiah McKenzie,DEN,WR,22,9,0,0,0,0,0,0,1,4,4.00,0,8,2,14,7.00,0,-2,,1.8,-1.2,,211,
